{"cameraMode":{"drawMode":0,"name":"Shaded","section":"Shading Mode"},"sceneLighting":true,"audioPlay":false,"sceneViewState":{"m_AlwaysRefresh":false,"showFog":true,"showSkybox":true,"showFlares":true,"showImageEffects":true,"showParticleSystems":true,"showVisualEffectGraphs":true,"m_FxEnabled":true},"in2DMode":false,"pivot":{"x":349.1940002441406,"y":1.3287829160690308,"z":499.54974365234377},"rotation":{"x":-0.00836437288671732,"y":0.8534899353981018,"z":-0.013708770275115967,"w":-0.5208756923675537},"size":2.2069039344787599,"orthographic":false}